price,avg,signal,quantity,side
17989,2248,0,65,1
17977,4495,0,668,1
17987,6744,0,915,1
17985,8992,0,713,1
17978,11239,0,968,0
17991,13488,0,666,0
18006,15739,0,993,1
17914,17978,2,471,1
17865,17962,2,742,1
17853,17947,2,997,1
17854,17930,2,311,1
17857,17914,2,964,1
17860,17900,2,762,1
17858,17883,2,904,1
17845,17863,0,798,0
17846,17854,0,751,0
17907,17860,1,233,0
17912,17867,1,624,0
17909,17874,1,908,0
17910,17880,1,973,0
17910,17887,1,205,1
17910,17893,0,2,1
17909,17901,0,651,0
17911,17909,0,818,1
17897,17908,0,86,0
17967,17915,1,817,0
17963,17922,1,262,0
17969,17929,1,466,1
17969,17936,1,396,1
17967,17944,1,260,0
17982,17953,1,22,0
17967,17960,0,983,0
17966,17968,0,558,0
17971,17969,0,229,0
17968,17969,0,676,1
17954,17968,0,218,0
17948,17965,0,940,1
17956,17964,0,134,0
17958,17961,0,840,0
17973,17961,0,848,0
17970,17962,0,588,1
17973,17962,0,682,1
17967,17962,0,627,1
17980,17965,0,879,1
17990,17970,0,348,1
17981,17974,0,389,1
17995,17978,0,497,0
17982,17979,0,174,0
17996,17983,0,341,1
17992,17985,0,241,1
17981,17987,0,329,0
17979,17987,0,808,0
17990,17987,0,602,1
17977,17986,0,84,1
17973,17983,0,948,0
17972,17982,0,47,1
17957,17977,0,424,0
17968,17974,0,246,1
17958,17971,0,248,0
17966,17970,0,988,1
17983,17969,0,668,1
18085,17982,1,401,1
18070,17994,1,797,1
18076,18007,1,213,1
18067,18021,1,288,0
18076,18035,1,659,1
18081,18050,1,915,1
18073,18063,0,593,0
18065,18074,0,412,0
18058,18070,0,77,0
18166,18082,1,880,0
18154,18092,1,79,0
18138,18101,1,942,1
18127,18107,0,933,0
18126,18113,0,50,0
18119,18119,0,458,1
18121,18126,0,551,1
18106,18132,2,265,1
18077,18121,2,608,0
18066,18110,2,408,1
18056,18099,2,8,0
18057,18091,2,943,1
18071,18084,0,245,1
18061,18076,0,209,1
18055,18068,0,381,0
18062,18063,0,88,0
18075,18062,0,387,0
18064,18062,0,584,0
18064,18063,0,357,1
18065,18064,0,42,0
18075,18065,0,755,0
18089,18068,1,872,1
18104,18074,1,169,1
18091,18078,0,932,0
18097,18081,0,768,0
18112,18087,1,22,0
18117,18093,1,267,0
18107,18099,0,280,1
18110,18103,0,458,0
18112,18106,0,125,0
18115,18107,0,831,0
18128,18112,0,766,0
18130,18116,0,742,0
18117,18117,0,319,1
18118,18117,0,332,0
18106,18117,0,313,1
18101,18115,0,505,0
18106,18115,0,571,0
18099,18113,0,757,0
18113,18111,0,419,1
18120,18110,0,544,0
18116,18109,0,594,1
18113,18109,0,998,0
18113,18110,0,991,1
18028,18101,2,867,0
18037,18092,2,11,1
18051,18086,2,895,1
18040,18077,2,174,1
17926,18053,2,364,0
17932,18030,2,728,0
17939,18008,2,283,1
17930,17985,2,342,1
17917,17971,2,536,1
17916,17956,2,173,1
17917,17939,2,575,1
17907,17923,0,626,1
17926,17923,0,890,1
17912,17920,0,892,1
17915,17917,0,621,1
17914,17915,0,142,1
17910,17914,0,119,0
17917,17914,0,234,1
17912,17914,0,192,0
17898,17913,0,771,0
17987,17920,1,282,0
17991,17930,1,410,0
17991,17940,1,997,0
17983,17948,1,594,1
17974,17956,0,509,0
17988,17965,1,16,0
18000,17976,1,869,1
18014,17991,1,845,0
18024,17995,1,149,0
18027,18000,1,474,1
17933,17992,2,44,1
17942,17987,2,29,1
17947,17984,2,837,0
17953,17980,2,275,1
17958,17974,0,603,0
17954,17967,0,654,0
17967,17960,0,205,1
17981,17954,1,762,0
17974,17959,0,61,0
17986,17965,1,653,0
18000,17971,1,380,0
17899,17964,2,917,1
17908,17958,2,26,1
17895,17951,2,310,0
17907,17943,2,321,0
17900,17933,2,877,1
17888,17922,2,571,0
17883,17910,2,401,1
17871,17893,2,537,0
17875,17890,0,100,1
17871,17886,0,308,1
17869,17883,0,334,0
17870,17878,0,745,1
17880,17875,0,287,1
17890,17876,0,593,0
17992,17889,1,258,0
17999,17905,1,965,1
17996,17920,1,349,0
17981,17934,1,577,0
17995,17950,1,962,0
18005,17967,1,273,0
17996,17981,0,540,0
18008,17996,0,659,0
18009,17998,0,377,1
18016,18000,0,206,1
18028,18004,1,464,1
18030,18010,0,494,0
18026,18014,0,527,1
18013,18015,0,816,1
18014,18018,0,6,0
18025,18020,0,765,1
18034,18023,0,565,1
18039,18026,0,310,0
18040,18027,0,792,0
18029,18027,0,675,0
18042,18029,0,5,1
18035,18032,0,382,1
18044,18036,0,120,1
18040,18037,0,177,1
18036,18038,0,295,1
18029,18036,0,431,1
18042,18037,0,94,0
18031,18037,0,748,0
18019,18034,0,976,0
18016,18032,0,4,0
18016,18028,0,668,0
18024,18026,0,688,0
18017,18024,0,825,0
18027,18024,0,888,1
18015,18020,0,521,1
18028,18020,0,491,0
18018,18020,0,958,1
18030,18021,0,558,0
18040,18024,0,498,0
18025,18025,0,356,1
18011,18024,0,779,0
18003,18021,0,253,1
17992,18018,2,575,0
17994,18014,0,969,1
17987,18010,2,274,1
17978,18003,2,248,1
17968,17994,2,902,1
17970,17987,0,542,0
17979,17983,0,131,0
17986,17981,0,552,0
17989,17981,0,577,0
17990,17980,0,433,1
17975,17979,0,842,0
17962,17977,0,641,1
17955,17975,0,24,0
17950,17973,2,921,0
17956,17970,0,95,0
17950,17965,0,51,1
17923,17957,2,528,1
17938,17951,0,823,0
17942,17947,0,94,1
17950,17945,0,615,0
17940,17943,0,282,0
17922,17940,0,383,0
17927,17936,0,569,0
17931,17934,0,160,0
17945,17936,0,847,0
17945,17937,0,344,1
17958,17939,0,815,1
17969,17942,1,616,0
17962,17944,0,655,0
17946,17947,0,433,1
17960,17952,0,474,0
17948,17954,0,722,0
17843,17941,2,521,1
17855,17930,2,950,0
17843,17915,2,163,0
17946,17912,1,355,1
17952,17911,1,938,0
17956,17912,1,301,1
17955,17912,1,625,0
17941,17911,1,526,0
17943,17923,0,350,0
17857,17924,2,976,0
17854,17925,2,344,1
17860,17914,2,761,1
17856,17902,2,741,0
17854,17890,2,586,1
17868,17879,0,13,1
17866,17869,0,77,0
17865,17860,0,818,1
17894,17864,1,831,0
17894,17869,1,351,0
17871,17871,0,223,1
17870,17872,0,550,0
17862,17873,0,581,0
17859,17872,0,835,1
17845,17870,2,13,0
17860,17869,0,741,1
17859,17865,0,514,1
17861,17860,0,399,0
17861,17859,0,156,1
17864,17858,0,739,0
17865,17859,0,479,0
17841,17857,0,204,1
17848,17857,0,568,1
17845,17855,0,958,0
17834,17852,0,765,1
17831,17848,0,612,0
17837,17845,0,248,1
17826,17840,0,407,1
17834,17837,0,727,0
17830,17835,0,527,1
17821,17832,0,820,0
17825,17829,0,634,0
17811,17826,0,832,0
17826,17826,0,116,1
17831,17825,0,517,1
17825,17825,0,734,1
17774,17817,2,275,0
17779,17811,2,568,0
17791,17807,0,678,1
17788,17803,0,851,0
17778,17799,2,46,1
17769,17791,2,843,1
17783,17785,0,765,0
17795,17782,0,980,0
17799,17785,0,395,1
17790,17786,0,601,0
17785,17785,0,855,0
17784,17785,0,887,1
17771,17784,0,863,1
17768,17784,0,985,0
17770,17782,0,18,1
17764,17778,0,153,1
17751,17772,2,795,1
17749,17767,0,25,0
17735,17761,2,924,1
17730,17754,2,36,1
17733,17750,0,86,1
17728,17745,0,4,0
17742,17741,0,918,0
17745,17739,0,521,1
17756,17739,0,267,1
17742,17738,0,253,1
17751,17740,0,588,0
17736,17741,0,744,1
17728,17741,0,492,0
17736,17742,0,831,0
17747,17742,0,348,1
17759,17744,0,834,1
17769,17746,1,324,1
17777,17750,1,724,1
17767,17752,0,118,0
17770,17756,0,470,0
17772,17762,0,15,1
17758,17764,0,41,0
17750,17765,0,837,0
17736,17762,2,454,1
17728,17757,2,402,0
17719,17750,2,639,1
17734,17745,0,486,1
17730,17740,0,76,1
17721,17734,0,975,1
17725,17730,0,878,1
17729,17727,0,692,1
17732,17727,0,553,1
17725,17726,0,47,1
17724,17727,0,455,0
17731,17727,0,641,0
17728,17726,0,114,1
17740,17729,0,770,0
17734,17730,0,317,0
17725,17729,0,688,0
17714,17727,0,420,1
17602,17712,2,657,1
17596,17696,2,540,1
17606,17680,2,204,1
17621,17667,2,247,0
17613,17651,2,637,0
17621,17637,0,901,1
17606,17622,0,455,1
17596,17607,0,380,1
17598,17607,0,502,1
17613,17609,0,300,1
17662,17616,1,118,0
17674,17622,1,997,1
17672,17630,1,105,0
17661,17635,1,906,0
17558,17629,2,873,0
17545,17622,2,348,1
17444,17603,2,205,1
17438,17581,2,911,0
17428,17552,2,245,1
17414,17520,2,17,0
17415,17487,2,224,0
17405,17455,2,61,1
17418,17438,0,454,0
17494,17432,1,92,1
17485,17437,1,123,0
17476,17441,1,90,0
17491,17449,1,433,0
17563,17468,1,366,1
17572,17488,1,631,1
17584,17510,1,955,0
17595,17532,1,933,0
17599,17545,1,792,1
17612,17561,1,995,1
17621,17579,1,374,1
17616,17595,1,18,1
17605,17600,0,130,0
17595,17603,0,139,0
17582,17603,2,365,1
17572,17600,2,80,1
17561,17595,2,939,0
17573,17590,0,702,0
17590,17586,0,830,1
17585,17582,0,385,0
17578,17579,0,818,0
17564,17575,0,335,1
17556,17572,0,965,1
17563,17571,0,1000,0
17555,17570,0,145,0
17547,17567,0,522,1
17559,17563,0,487,0
17560,17560,0,824,0
17553,17557,0,137,0
17538,17553,0,51,1
17525,17550,2,889,0
17512,17543,2,617,1
17502,17537,2,687,0
17493,17530,2,38,0
17505,17523,0,139,1
17492,17515,2,956,1
17496,17507,0,92,1
17491,17502,0,65,1
17469,17495,2,314,1
17467,17489,2,649,1
17453,17483,2,628,0
17446,17477,2,580,1
17449,17470,2,177,1
17438,17463,2,535,0
17435,17456,2,493,0
17421,17447,2,759,0
17407,17439,2,496,1
17421,17433,0,726,1
17479,17437,1,383,0
17490,17442,1,449,0
17497,17448,1,872,0
17496,17455,1,166,0
17495,17463,1,373,1
17505,17473,1,9,0
17518,17487,1,671,0
17519,17499,0,478,0
17504,17503,0,543,1
17496,17503,0,469,1
17486,17502,0,317,0
17480,17500,0,833,1
17468,17497,2,526,0
17472,17492,0,547,1
17468,17486,0,740,0
17456,17478,2,407,0
17456,17472,0,38,0
17471,17469,0,400,1
17485,17469,0,863,1
17475,17468,0,63,0
17489,17471,0,327,1
17484,17473,0,56,1
17477,17474,0,520,0
17467,17475,0,905,1
17468,17477,0,995,0
17472,17477,0,222,1
17477,17476,0,106,1
17478,17476,0,499,1
17472,17474,0,596,1
17467,17472,0,103,1
17457,17469,0,552,0
17467,17469,0,819,1
17462,17469,0,550,0
17452,17466,0,609,0
17433,17461,2,369,1
17437,17455,0,419,0
17442,17452,0,686,0
17431,17447,0,916,0
17423,17443,0,394,0
17430,17438,0,5,1
17426,17434,0,334,1
17441,17432,0,169,0
17456,17435,1,599,0
17454,17437,0,813,1
17458,17439,0,179,0
17450,17442,0,36,0
17439,17444,0,147,0
17435,17444,0,759,1
17422,17444,2,473,0
17430,17443,0,817,0
17438,17440,0,840,0
17425,17437,0,790,0
17437,17434,0,736,1
17443,17433,0,664,1
17457,17435,1,377,0
17448,17437,0,22,0
17454,17441,0,452,0
17440,17442,0,540,0
17426,17441,0,426,0
17438,17442,0,384,1
17447,17444,0,519,1
17436,17443,0,599,0
17432,17440,0,651,0
17430,17437,0,375,0
17419,17433,0,28,1
17393,17427,2,100,0
17395,17423,2,404,1
17387,17417,2,490,1
17386,17409,2,626,1
17374,17402,2,929,0
17362,17393,2,4,1
17376,17386,0,500,0
17379,17381,0,644,0
17385,17380,0,636,1
17393,17380,0,547,0
17386,17380,0,449,1
17380,17379,0,523,1
17389,17381,0,702,1
17389,17384,0,18,0
17378,17384,0,119,1
17371,17383,0,555,1
17359,17380,2,334,1
17348,17375,2,207,1
17352,17370,0,291,0
17360,17368,0,330,1
17347,17363,0,604,0
17338,17356,0,826,0
17326,17350,2,804,0
17316,17343,2,223,0
17317,17338,2,577,1
17310,17333,2,832,0
17297,17326,2,956,0
17295,17318,2,487,1
17293,17311,0,220,0
17307,17307,0,440,1
17303,17304,0,152,0
17313,17304,0,61,1
17300,17302,0,223,0
17293,17300,0,722,1
17281,17298,0,953,0
17281,17296,0,719,1
17294,17296,0,652,1
17398,17307,1,25,0
17390,17318,1,908,1
17397,17329,1,342,0
17389,17340,1,183,1
17382,17351,1,773,0
17387,17364,1,436,0
17373,17376,0,654,0
17364,17385,2,433,1
17365,17380,0,802,0
17367,17378,0,967,0
17368,17374,0,143,0
17366,17371,0,491,0
17284,17359,2,256,0
17297,17348,2,41,1
17261,17334,2,363,1
17248,17319,2,871,1
17260,17306,2,364,0
17249,17291,2,550,1
17256,17277,2,493,1
17268,17265,0,996,0
17280,17264,0,208,0
17265,17260,0,163,0
17264,17261,0,718,1
17273,17264,0,524,1
17268,17265,0,237,0
17269,17267,0,470,0
17273,17270,0,554,0
17331,17277,1,302,1
17324,17283,1,49,0
17381,17297,1,324,1
17387,17313,1,891,0
17259,17311,2,906,0
17258,17310,2,233,1
17237,17306,2,329,0
17238,17301,2,9,1
17234,17289,2,895,1
17235,17278,2,91,0
17244,17261,0,924,0
17165,17233,2,327,1
17151,17220,2,608,1
17162,17208,2,818,0
17151,17197,2,558,1
17076,17177,2,981,1
17092,17159,2,167,0
17079,17140,2,674,1
17092,17121,2,102,0
17099,17112,0,180,0
17102,17106,0,111,1
17114,17100,0,519,1
17114,17096,0,837,0
17126,17102,1,414,1
17123,17106,0,387,0
17113,17110,0,825,1
17148,17117,1,694,0
17141,17122,0,630,1
17130,17126,0,320,1
17138,17129,0,29,1
17126,17130,0,87,1
17131,17131,0,301,0
17121,17131,0,834,1
17133,17133,0,680,0
17136,17132,0,687,0
17048,17120,2,551,1
17052,17110,2,466,1
17044,17098,2,753,0
17029,17086,2,157,0
17021,17073,2,328,0
17020,17060,2,167,0
17031,17047,0,264,1
17022,17033,0,733,1
17020,17029,0,454,1
17023,17026,0,853,1
17013,17022,0,557,0
17006,17019,0,293,1
17020,17019,0,565,1
17014,17018,0,832,0
16934,17006,2,400,0
16927,16994,2,259,1
16912,16981,2,225,0
16900,16965,2,98,1
16902,16951,2,26,0
16895,16938,2,760,0
16891,16921,2,921,1
16903,16908,0,298,0
16895,16903,0,358,1
16893,16898,0,447,1
16883,16895,0,986,1
16898,16895,0,813,1
16901,16894,0,783,0
16907,16896,0,166,0
16901,16897,0,663,1
16899,16897,0,35,0
16884,16895,0,932,1
16883,16894,0,611,1
16897,16896,0,607,0
16906,16897,0,761,1
16921,16899,1,25,0
16914,16900,0,731,1
16933,16904,1,248,0
16941,16909,1,619,0
16946,16917,1,298,1
16950,16926,1,324,1
16957,16933,1,598,1
16969,16941,1,434,1
16977,16948,1,903,0
16962,16954,0,610,1
16971,16959,0,753,0
16960,16961,0,529,1
16971,16964,0,481,1
16974,16967,0,759,0
16983,16970,0,608,1
16997,16974,1,403,0
16998,16977,1,603,1
16991,16980,0,824,1
16969,16980,0,123,0
16968,16981,0,802,0
16954,16979,2,955,0
16917,16972,2,151,1
16905,16962,2,399,0
16895,16949,2,887,0
16891,16936,2,525,0
16886,16923,2,645,0
16953,16921,1,1,0
16961,16920,1,955,1
16960,16921,1,661,0
16954,16925,1,522,0
16950,16931,0,442,0
16943,16937,0,842,0
16938,16943,0,229,0
16930,16948,0,657,0
16928,16945,0,639,1
16916,16939,2,735,1
16907,16933,2,754,0
16904,16927,2,504,0
16902,16921,0,819,1
16890,16914,2,146,0
16896,16909,0,975,0
16886,16903,0,721,1
16882,16897,0,153,0
16874,16892,0,800,0
16804,16879,2,931,0
16791,16865,2,380,0
16785,16851,2,603,1
16800,16839,2,792,1
16804,16828,2,865,1
16796,16817,2,792,1
16742,16799,2,231,1
16754,16784,2,5,0
16751,16777,2,863,1
16757,16773,0,420,0
16770,16771,0,672,1
16785,16769,0,306,1
16795,16768,1,527,1
16795,16768,1,329,0
16891,16787,1,164,1
16884,16803,1,153,1
16881,16819,1,674,1
16889,16836,1,41,0
16878,16849,1,633,1
16867,16860,0,640,1
16868,16869,0,533,0
16854,16876,2,27,0
16867,16873,0,824,0
16879,16872,0,169,0
16865,16870,0,555,0
16857,16866,0,615,0
16860,16864,0,816,1
16872,16865,0,242,1
16884,16867,0,695,1
16875,16869,0,34,1
16884,16872,0,775,1
16891,16873,0,808,0
16891,16876,0,214,0
16877,16879,0,581,1
16862,16879,0,263,0
16866,16878,0,800,1
16867,16876,0,944,1
16766,16863,2,632,0
16752,16846,2,669,1
16743,16828,2,463,1
16755,16811,2,520,1
16766,16797,2,635,1
16779,16786,0,648,1
16775,16775,0,657,0
16784,16765,0,23,0
16775,16766,0,225,0
16780,16769,0,398,1
16773,16773,0,43,0
16785,16777,0,448,1
16800,16781,0,879,1
16804,16784,0,366,0
16801,16787,0,794,1
16792,16788,0,276,1
16898,16804,1,930,1
16905,16819,1,401,1
16932,16839,1,392,0
16943,16859,1,623,0
16931,16875,1,490,1
16921,16890,1,99,1
16916,16904,0,888,0
16913,16919,0,984,0
16899,16920,2,782,0
16883,16917,2,56,1
16889,16911,2,736,0
16892,16905,0,134,0
16905,16902,0,617,1
16896,16899,0,502,0
16900,16897,0,209,0
16906,16896,0,625,0
16908,16897,0,789,1
16895,16898,0,673,1
16907,16901,0,815,1
16915,16904,0,692,1
16906,16904,0,680,1
16909,16905,0,206,1
16911,16907,0,624,0
16905,16907,0,672,0
16917,16908,0,858,1
16917,16910,0,652,0
16911,16911,0,439,0
16920,16912,0,664,0
16910,16912,0,970,0
16924,16914,0,950,1
16920,16915,0,950,1
16917,16917,0,9,0
16932,16918,0,663,1
16917,16918,0,517,1
16924,16920,0,714,1
16935,16922,0,543,1
16918,16923,0,658,1
16932,16924,0,791,0
16941,16927,0,127,0
17001,16937,1,667,0
17000,16946,1,144,0
17009,16957,1,410,1
17020,16969,1,375,0
17014,16979,1,855,0
17002,16989,0,416,1
17009,16999,0,961,0
17017,17009,0,991,0
17003,17009,0,616,1
16998,17009,0,817,1
17013,17009,0,904,0
17002,17007,0,277,1
16988,17004,0,430,0
16980,17001,2,271,0
16979,16997,0,80,0
16981,16993,0,136,1
16970,16988,0,339,0
16959,16984,2,900,0
16948,16975,2,280,1
16933,16967,2,9,0
16943,16961,0,732,1
16937,16956,0,774,1
16947,16952,0,487,0
16894,16941,2,803,0
16881,16930,2,1000,0
16870,16919,2,753,1
16862,16908,2,284,0
16870,16900,2,925,1
16857,16889,2,459,0
16859,16880,2,704,1
16863,16869,0,224,0
16850,16864,0,402,1
16853,16860,0,614,0
16844,16857,0,755,1
16840,16854,0,9,0
16855,16852,0,695,0
16846,16851,0,48,0
16857,16851,0,677,0
16850,16849,0,185,1
16850,16849,0,448,0
16856,16849,0,439,1
16829,16847,0,356,0
16821,16845,2,421,1
16811,16840,2,967,0
16816,16836,0,818,0
16805,16829,2,341,0
16795,16822,2,39,1
16789,16815,2,760,1
16783,16806,2,689,0
16786,16800,0,732,0
16784,16796,0,10,0
16775,16791,0,477,1
16782,16787,0,216,1
16779,16784,0,992,1
16787,16783,0,738,1
16795,16783,0,227,0
16809,16787,1,486,1
16822,16791,1,113,0
16813,16795,0,432,0
16828,16801,1,780,1
16826,16807,0,70,0
16812,16811,0,515,1
16817,16815,0,138,0
16822,16818,0,787,1
16813,16819,0,486,1
16819,16818,0,889,1
16806,16817,0,933,1
16807,16815,0,233,1
16799,16811,0,912,0
16797,16810,0,408,0
16786,16806,0,617,1
16796,16802,0,619,1
16734,16793,2,289,1
16741,16783,2,764,0
16729,16773,2,500,1
16717,16762,2,326,1
16703,16750,2,463,0
16699,16738,2,270,1
16702,16727,2,135,1
16697,16715,0,172,1
16682,16708,2,557,0
16680,16701,2,789,0
16690,16696,0,399,0
16678,16691,0,811,1
16665,16686,2,600,0
16676,16683,0,327,0
16661,16678,0,443,0
16659,16673,0,803,0
16645,16669,2,933,1
16655,16666,0,203,0
16654,16661,0,340,0
16666,16660,0,163,0
16661,16659,0,812,1
16663,16658,0,579,1
16674,16659,0,536,1
16684,16662,1,849,0
16669,16665,0,655,0
16660,16666,0,250,1
16667,16668,0,558,1
16667,16668,0,679,0
16782,16683,1,451,0
16771,16696,1,690,0
16767,16708,1,293,1
16781,16720,1,651,0
16787,16735,1,687,0
16725,16743,0,899,0
16727,16750,2,879,1
16722,16757,2,364,0
16733,16751,0,83,1
16721,16745,2,515,0
16706,16737,2,418,0
16697,16727,2,165,1
16710,16717,0,824,1
16716,16716,0,54,0
16695,16712,0,240,1
16705,16710,0,293,0
16710,16707,0,696,0
16702,16705,0,111,0
16716,16706,0,668,0
16709,16707,0,238,1
16720,16709,0,945,1
16703,16707,0,214,1
16700,16708,0,988,1
16700,16707,0,301,1
16700,16706,0,893,0
16701,16706,0,232,0
16699,16704,0,735,1
16699,16702,0,118,1
16686,16698,0,340,1
16685,16696,0,673,1
16737,16700,1,531,0
16747,16706,1,205,1
16735,16711,1,658,0
16726,16714,0,855,1
16717,16716,0,676,1
16731,16720,0,913,0
16735,16726,0,682,0
16636,16720,2,863,1
16635,16707,2,116,0
16639,16694,2,176,0
16637,16682,2,602,1
16661,16673,0,295,1
16683,16669,0,981,1
16669,16661,0,492,1
16655,16651,0,439,1
16658,16654,0,226,0
16723,16665,1,759,0
16727,16676,1,259,0
16714,16686,1,287,0
