timestamp,valid,price,quantity,side
0,1,17989,65,1
1,1,17977,668,1
2,1,17987,915,1
3,1,17985,713,1
4,1,17978,968,0
5,1,17991,666,0
6,1,18006,993,1
7,0,17918,567,0
8,1,17914,471,1
9,1,17865,742,1
10,1,17853,997,1
11,1,17854,311,1
12,1,17857,964,1
13,1,17860,762,1
14,1,17858,904,1
15,1,17845,798,0
16,1,17846,751,0
17,1,17907,233,0
18,0,17916,562,0
19,0,17913,592,1
20,1,17912,624,0
21,1,17909,908,0
22,1,17910,973,0
23,1,17910,205,1
24,1,17910,2,1
25,1,17909,651,0
26,1,17911,818,1
27,1,17897,86,0
28,1,17967,817,0
29,1,17963,262,0
30,1,17969,466,1
31,1,17969,396,1
32,1,17967,260,0
33,1,17982,22,0
34,1,17967,983,0
35,1,17966,558,0
36,1,17971,229,0
37,1,17968,676,1
38,1,17954,218,0
39,1,17948,940,1
40,1,17956,134,0
41,1,17958,840,0
42,1,17973,848,0
43,1,17970,588,1
44,1,17973,682,1
45,1,17967,627,1
46,1,17980,879,1
47,1,17990,348,1
48,1,17981,389,1
49,1,17995,497,0
50,1,17982,174,0
51,1,17996,341,1
52,1,17992,241,1
53,1,17981,329,0
54,1,17979,808,0
55,1,17990,602,1
56,1,17977,84,1
57,1,17973,948,0
58,1,17972,47,1
59,1,17957,424,0
60,1,17968,246,1
61,1,17958,248,0
62,1,17966,988,1
63,0,17976,302,1
64,1,17983,668,1
65,1,18085,401,1
66,0,18082,994,1
67,1,18070,797,1
68,1,18076,213,1
69,1,18067,288,0
70,1,18076,659,1
71,0,18091,43,1
72,1,18081,915,1
73,1,18073,593,0
74,1,18065,412,0
75,1,18058,77,0
76,1,18166,880,0
77,1,18154,79,0
78,0,18144,842,1
79,1,18138,942,1
80,1,18127,933,0
81,0,18136,824,0
82,1,18126,50,0
83,1,18119,458,1
84,1,18121,551,1
85,1,18106,265,1
86,0,18091,1000,0
87,1,18077,608,0
88,1,18066,408,1
89,1,18056,8,0
90,1,18057,943,1
91,1,18071,245,1
92,0,18071,730,1
93,0,18066,940,1
94,0,18071,782,1
95,1,18061,209,1
96,1,18055,381,0
97,1,18062,88,0
98,1,18075,387,0
99,1,18064,584,0
100,1,18064,357,1
101,1,18065,42,0
102,1,18075,755,0
103,0,18090,632,0
104,1,18089,872,1
105,1,18104,169,1
106,0,18103,983,0
107,1,18091,932,0
108,1,18097,768,0
109,1,18112,22,0
110,1,18117,267,0
111,1,18107,280,1
112,1,18110,458,0
113,1,18112,125,0
114,1,18115,831,0
115,1,18128,766,0
116,1,18130,742,0
117,1,18117,319,1
118,1,18118,332,0
119,1,18106,313,1
120,1,18101,505,0
121,1,18106,571,0
122,1,18099,757,0
123,1,18113,419,1
124,1,18120,544,0
125,1,18116,594,1
126,1,18113,998,0
127,1,18113,991,1
128,1,18028,867,0
129,1,18037,11,1
130,1,18051,895,1
131,1,18040,174,1
132,1,17926,364,0
133,1,17932,728,0
134,1,17939,283,1
135,1,17930,342,1
136,1,17917,536,1
137,1,17916,173,1
138,0,17921,570,1
139,1,17917,575,1
140,1,17907,626,1
141,0,17914,724,0
142,1,17926,890,1
143,0,17921,255,1
144,1,17912,892,1
145,1,17915,621,1
146,1,17914,142,1
147,1,17910,119,0
148,1,17917,234,1
149,1,17912,192,0
150,1,17898,771,0
151,1,17987,282,0
152,1,17991,410,0
153,1,17991,997,0
154,1,17983,594,1
155,1,17974,509,0
156,1,17988,16,0
157,1,18000,869,1
158,1,18014,845,0
159,1,18024,149,0
160,1,18027,474,1
161,1,17933,44,1
162,1,17942,29,1
163,1,17947,837,0
164,1,17953,275,1
165,1,17958,603,0
166,1,17954,654,0
167,1,17967,205,1
168,1,17981,762,0
169,1,17974,61,0
170,1,17986,653,0
171,1,18000,380,0
172,1,17899,917,1
173,1,17908,26,1
174,1,17895,310,0
175,1,17907,321,0
176,1,17900,877,1
177,1,17888,571,0
178,1,17883,401,1
179,1,17871,537,0
180,0,17884,762,0
181,1,17875,100,1
182,1,17871,308,1
183,1,17869,334,0
184,1,17870,745,1
185,1,17880,287,1
186,0,17879,994,1
187,1,17890,593,0
188,1,17992,258,0
189,1,17999,965,1
190,1,17996,349,0
191,1,17981,577,0
192,1,17995,962,0
193,1,18005,273,0
194,1,17996,540,0
195,1,18008,659,0
196,1,18009,377,1
197,1,18016,206,1
198,1,18028,464,1
199,1,18030,494,0
200,0,18041,418,0
201,1,18026,527,1
202,1,18013,816,1
203,0,17999,7,0
204,1,18014,6,0
205,1,18025,765,1
206,1,18034,565,1
207,0,18035,950,1
208,1,18039,310,0
209,1,18040,792,0
210,0,18033,754,0
211,1,18029,675,0
212,1,18042,5,1
213,1,18035,382,1
214,1,18044,120,1
215,1,18040,177,1
216,1,18036,295,1
217,1,18029,431,1
218,0,18027,221,1
219,1,18042,94,0
220,1,18031,748,0
221,1,18019,976,0
222,1,18016,4,0
223,0,18014,563,0
224,1,18016,668,0
225,1,18024,688,0
226,1,18017,825,0
227,1,18027,888,1
228,1,18015,521,1
229,1,18028,491,0
230,0,18017,207,0
231,1,18018,958,1
232,1,18030,558,0
233,1,18040,498,0
234,1,18025,356,1
235,1,18011,779,0
236,1,18003,253,1
237,1,17992,575,0
238,1,17994,969,1
239,1,17987,274,1
240,1,17978,248,1
241,1,17968,902,1
242,1,17970,542,0
243,0,17975,219,1
244,1,17979,131,0
245,1,17986,552,0
246,1,17989,577,0
247,1,17990,433,1
248,1,17975,842,0
249,1,17962,641,1
250,1,17955,24,0
251,1,17950,921,0
252,1,17956,95,0
253,1,17950,51,1
254,0,17935,381,0
255,1,17923,528,1
256,1,17938,823,0
257,1,17942,94,1
258,0,17945,309,0
259,1,17950,615,0
260,1,17940,282,0
261,0,17933,269,1
262,1,17922,383,0
263,1,17927,569,0
264,1,17931,160,0
265,1,17945,847,0
266,1,17945,344,1
267,1,17958,815,1
268,1,17969,616,0
269,1,17962,655,0
270,0,17964,659,0
271,0,17961,104,1
272,1,17946,433,1
273,1,17960,474,0
274,1,17948,722,0
275,1,17843,521,1
276,0,17845,931,1
277,1,17855,950,0
278,1,17843,163,0
279,1,17946,355,1
280,1,17952,938,0
281,1,17956,301,1
282,1,17955,625,0
283,1,17941,526,0
284,1,17943,350,0
285,1,17857,976,0
286,1,17854,344,1
287,1,17860,761,1
288,1,17856,741,0
289,1,17854,586,1
290,1,17868,13,1
291,1,17866,77,0
292,1,17865,818,1
293,0,17879,846,0
294,1,17894,831,0
295,0,17896,558,0
296,1,17894,351,0
297,0,17881,984,0
298,1,17871,223,1
299,0,17863,743,0
300,1,17870,550,0
301,1,17862,581,0
302,1,17859,835,1
303,1,17845,13,0
304,1,17860,741,1
305,0,17850,725,1
306,1,17859,514,1
307,1,17861,399,0
308,1,17861,156,1
309,1,17864,739,0
310,0,17872,265,1
311,1,17865,479,0
312,0,17854,232,0
313,1,17841,204,1
314,1,17848,568,1
315,1,17845,958,0
316,1,17834,765,1
317,1,17831,612,0
318,1,17837,248,1
319,1,17826,407,1
320,1,17834,727,0
321,1,17830,527,1
322,1,17821,820,0
323,1,17825,634,0
324,1,17811,832,0
325,1,17826,116,1
326,1,17831,517,1
327,0,17819,218,1
328,1,17825,734,1
329,0,17768,577,1
330,1,17774,275,0
331,1,17779,568,0
332,1,17791,678,1
333,1,17788,851,0
334,1,17778,46,1
335,1,17769,843,1
336,1,17783,765,0
337,1,17795,980,0
338,1,17799,395,1
339,1,17790,601,0
340,1,17785,855,0
341,0,17798,293,1
342,1,17784,887,1
343,1,17771,863,1
344,1,17768,985,0
345,1,17770,18,1
346,1,17764,153,1
347,1,17751,795,1
348,1,17749,25,0
349,1,17735,924,1
350,1,17730,36,1
351,1,17733,86,1
352,1,17728,4,0
353,1,17742,918,0
354,1,17745,521,1
355,1,17756,267,1
356,1,17742,253,1
357,1,17751,588,0
358,0,17738,976,1
359,1,17736,744,1
360,1,17728,492,0
361,1,17736,831,0
362,1,17747,348,1
363,1,17759,834,1
364,1,17769,324,1
365,1,17777,724,1
366,1,17767,118,0
367,1,17770,470,0
368,0,17780,343,1
369,1,17772,15,1
370,1,17758,41,0
371,1,17750,837,0
372,1,17736,454,1
373,1,17728,402,0
374,1,17719,639,1
375,1,17734,486,1
376,0,17719,675,1
377,1,17730,76,1
378,1,17721,975,1
379,1,17725,878,1
380,1,17729,692,1
381,1,17732,553,1
382,1,17725,47,1
383,1,17724,455,0
384,1,17731,641,0
385,1,17728,114,1
386,1,17740,770,0
387,1,17734,317,0
388,1,17725,688,0
389,1,17714,420,1
390,1,17602,657,1
391,1,17596,540,1
392,1,17606,204,1
393,1,17621,247,0
394,1,17613,637,0
395,1,17621,901,1
396,1,17606,455,1
397,1,17596,380,1
398,1,17598,502,1
399,1,17613,300,1
400,1,17662,118,0
401,1,17674,997,1
402,1,17672,105,0
403,1,17661,906,0
404,1,17558,873,0
405,1,17545,348,1
406,1,17444,205,1
407,1,17438,911,0
408,1,17428,245,1
409,1,17414,17,0
410,1,17415,224,0
411,1,17405,61,1
412,1,17418,454,0
413,1,17494,92,1
414,1,17485,123,0
415,1,17476,90,0
416,1,17491,433,0
417,1,17563,366,1
418,1,17572,631,1
419,1,17584,955,0
420,1,17595,933,0
421,1,17599,792,1
422,1,17612,995,1
423,1,17621,374,1
424,1,17616,18,1
425,1,17605,130,0
426,1,17595,139,0
427,1,17582,365,1
428,1,17572,80,1
429,1,17561,939,0
430,1,17573,702,0
431,0,17573,744,0
432,0,17578,520,1
433,1,17590,830,1
434,1,17585,385,0
435,1,17578,818,0
436,1,17564,335,1
437,1,17556,965,1
438,1,17563,1000,0
439,1,17555,145,0
440,1,17547,522,1
441,1,17559,487,0
442,1,17560,824,0
443,1,17553,137,0
444,1,17538,51,1
445,1,17525,889,0
446,1,17512,617,1
447,1,17502,687,0
448,1,17493,38,0
449,1,17505,139,1
450,1,17492,956,1
451,1,17496,92,1
452,1,17491,65,1
453,0,17476,232,1
454,1,17469,314,1
455,1,17467,649,1
456,1,17453,628,0
457,1,17446,580,1
458,1,17449,177,1
459,1,17438,535,0
460,1,17435,493,0
461,1,17421,759,0
462,1,17407,496,1
463,1,17421,726,1
464,1,17479,383,0
465,1,17490,449,0
466,1,17497,872,0
467,1,17496,166,0
468,1,17495,373,1
469,1,17505,9,0
470,1,17518,671,0
471,1,17519,478,0
472,0,17514,338,0
473,1,17504,543,1
474,1,17496,469,1
475,1,17486,317,0
476,1,17480,833,1
477,1,17468,526,0
478,1,17472,547,1
479,1,17468,740,0
480,1,17456,407,0
481,1,17456,38,0
482,1,17471,400,1
483,1,17485,863,1
484,1,17475,63,0
485,1,17489,327,1
486,1,17484,56,1
487,1,17477,520,0
488,1,17467,905,1
489,1,17468,995,0
490,1,17472,222,1
491,1,17477,106,1
492,0,17463,574,1
493,1,17478,499,1
494,1,17472,596,1
495,1,17467,103,1
496,1,17457,552,0
497,0,17459,507,1
498,1,17467,819,1
499,1,17462,550,0
500,1,17452,609,0
501,0,17438,778,0
502,1,17433,369,1
503,1,17437,419,0
504,0,17447,929,0
505,1,17442,686,0
506,0,17427,983,1
507,1,17431,916,0
508,1,17423,394,0
509,1,17430,5,1
510,0,17417,115,0
511,1,17426,334,1
512,1,17441,169,0
513,1,17456,599,0
514,1,17454,813,1
515,1,17458,179,0
516,1,17450,36,0
517,1,17439,147,0
518,1,17435,759,1
519,1,17422,473,0
520,1,17430,817,0
521,1,17438,840,0
522,1,17425,790,0
523,1,17437,736,1
524,1,17443,664,1
525,1,17457,377,0
526,1,17448,22,0
527,1,17454,452,0
528,1,17440,540,0
529,1,17426,426,0
530,1,17438,384,1
531,1,17447,519,1
532,1,17436,599,0
533,1,17432,651,0
534,1,17430,375,0
535,1,17419,28,1
536,0,17406,604,1
537,1,17393,100,0
538,1,17395,404,1
539,1,17387,490,1
540,1,17386,626,1
541,1,17374,929,0
542,1,17362,4,1
543,1,17376,500,0
544,1,17379,644,0
545,1,17385,636,1
546,0,17384,891,1
547,1,17393,547,0
548,1,17386,449,1
549,1,17380,523,1
550,1,17389,702,1
551,1,17389,18,0
552,1,17378,119,1
553,1,17371,555,1
554,0,17360,467,0
555,1,17359,334,1
556,1,17348,207,1
557,1,17352,291,0
558,0,17357,709,0
559,1,17360,330,1
560,1,17347,604,0
561,1,17338,826,0
562,1,17326,804,0
563,1,17316,223,0
564,1,17317,577,1
565,1,17310,832,0
566,1,17297,956,0
567,1,17295,487,1
568,1,17293,220,0
569,1,17307,440,1
570,1,17303,152,0
571,1,17313,61,1
572,1,17300,223,0
573,1,17293,722,1
574,1,17281,953,0
575,1,17281,719,1
576,1,17294,652,1
577,1,17398,25,0
578,1,17390,908,1
579,1,17397,342,0
580,1,17389,183,1
581,0,17385,650,1
582,1,17382,773,0
583,1,17387,436,0
584,1,17373,654,0
585,1,17364,433,1
586,1,17365,802,0
587,1,17367,967,0
588,0,17369,789,1
589,1,17368,143,0
590,1,17366,491,0
591,0,17375,504,0
592,1,17284,256,0
593,1,17297,41,1
594,1,17261,363,1
595,1,17248,871,1
596,1,17260,364,0
597,0,17255,650,0
598,1,17249,550,1
599,1,17256,493,1
600,1,17268,996,0
601,1,17280,208,0
602,0,17270,815,0
603,1,17265,163,0
604,1,17264,718,1
605,1,17273,524,1
606,1,17268,237,0
607,1,17269,470,0
608,1,17273,554,0
609,1,17331,302,1
610,1,17324,49,0
611,1,17381,324,1
612,1,17387,891,0
613,1,17259,906,0
614,1,17258,233,1
615,0,17248,10,0
616,1,17237,329,0
617,1,17238,9,1
618,1,17234,895,1
619,1,17235,91,0
620,1,17244,924,0
621,1,17165,327,1
622,1,17151,608,1
623,1,17162,818,0
624,1,17151,558,1
625,1,17076,981,1
626,0,17090,274,0
627,1,17092,167,0
628,1,17079,674,1
629,1,17092,102,0
630,1,17099,180,0
631,1,17102,111,1
632,1,17114,519,1
633,1,17114,837,0
634,1,17126,414,1
635,1,17123,387,0
636,1,17113,825,1
637,0,17147,472,0
638,0,17152,240,1
639,1,17148,694,0
640,1,17141,630,1
641,1,17130,320,1
642,1,17138,29,1
643,1,17126,87,1
644,1,17131,301,0
645,1,17121,834,1
646,1,17133,680,0
647,1,17136,687,0
648,1,17048,551,1
649,1,17052,466,1
650,1,17044,753,0
651,1,17029,157,0
652,1,17021,328,0
653,1,17020,167,0
654,1,17031,264,1
655,1,17022,733,1
656,1,17020,454,1
657,1,17023,853,1
658,1,17013,557,0
659,1,17006,293,1
660,1,17020,565,1
661,1,17014,832,0
662,1,16934,400,0
663,1,16927,259,1
664,1,16912,225,0
665,1,16900,98,1
666,1,16902,26,0
667,1,16895,760,0
668,1,16891,921,1
669,1,16903,298,0
670,1,16895,358,1
671,1,16893,447,1
672,1,16883,986,1
673,1,16898,813,1
674,1,16901,783,0
675,0,16903,239,1
676,1,16907,166,0
677,1,16901,663,1
678,1,16899,35,0
679,1,16884,932,1
680,1,16883,611,1
681,1,16897,607,0
682,1,16906,761,1
683,1,16921,25,0
684,1,16914,731,1
685,0,16921,271,1
686,1,16933,248,0
687,1,16941,619,0
688,1,16946,298,1
689,0,16955,18,1
690,1,16950,324,1
691,1,16957,598,1
692,1,16969,434,1
693,1,16977,903,0
694,1,16962,610,1
695,1,16971,753,0
696,1,16960,529,1
697,1,16971,481,1
698,1,16974,759,0
699,1,16983,608,1
700,1,16997,403,0
701,1,16998,603,1
702,1,16991,824,1
703,0,16981,398,1
704,1,16969,123,0
705,1,16968,802,0
706,1,16954,955,0
707,1,16917,151,1
708,1,16905,399,0
709,1,16895,887,0
710,1,16891,525,0
711,1,16886,645,0
712,1,16953,1,0
713,1,16961,955,1
714,1,16960,661,0
715,1,16954,522,0
716,1,16950,442,0
717,1,16943,842,0
718,1,16938,229,0
719,1,16930,657,0
720,1,16928,639,1
721,1,16916,735,1
722,1,16907,754,0
723,1,16904,504,0
724,1,16902,819,1
725,1,16890,146,0
726,1,16896,975,0
727,1,16886,721,1
728,1,16882,153,0
729,1,16874,800,0
730,1,16804,931,0
731,1,16791,380,0
732,0,16779,348,1
733,1,16785,603,1
734,1,16800,792,1
735,1,16804,865,1
736,1,16796,792,1
737,1,16742,231,1
738,1,16754,5,0
739,1,16751,863,1
740,1,16757,420,0
741,1,16770,672,1
742,1,16785,306,1
743,1,16795,527,1
744,1,16795,329,0
745,1,16891,164,1
746,1,16884,153,1
747,1,16881,674,1
748,1,16889,41,0
749,0,16892,53,1
750,1,16878,633,1
751,1,16867,640,1
752,1,16868,533,0
753,1,16854,27,0
754,1,16867,824,0
755,1,16879,169,0
756,1,16865,555,0
757,0,16862,52,0
758,1,16857,615,0
759,1,16860,816,1
760,1,16872,242,1
761,1,16884,695,1
762,1,16875,34,1
763,1,16884,775,1
764,1,16891,808,0
765,1,16891,214,0
766,1,16877,581,1
767,1,16862,263,0
768,1,16866,800,1
769,1,16867,944,1
770,1,16766,632,0
771,1,16752,669,1
772,1,16743,463,1
773,1,16755,520,1
774,1,16766,635,1
775,1,16779,648,1
776,1,16775,657,0
777,1,16784,23,0
778,1,16775,225,0
779,1,16780,398,1
780,1,16773,43,0
781,1,16785,448,1
782,1,16800,879,1
783,0,16804,820,1
784,1,16804,366,0
785,1,16801,794,1
786,1,16792,276,1
787,1,16898,930,1
788,0,16896,738,1
789,1,16905,401,1
790,0,16918,165,1
791,1,16932,392,0
792,1,16943,623,0
793,1,16931,490,1
794,1,16921,99,1
795,1,16916,888,0
796,1,16913,984,0
797,1,16899,782,0
798,0,16887,14,0
799,1,16883,56,1
800,1,16889,736,0
801,1,16892,134,0
802,1,16905,617,1
803,1,16896,502,0
804,1,16900,209,0
805,1,16906,625,0
806,1,16908,789,1
807,1,16895,673,1
808,0,16893,728,0
809,1,16907,815,1
810,1,16915,692,1
811,0,16910,54,0
812,1,16906,680,1
813,1,16909,206,1
814,1,16911,624,0
815,1,16905,672,0
816,1,16917,858,1
817,1,16917,652,0
818,1,16911,439,0
819,1,16920,664,0
820,1,16910,970,0
821,1,16924,950,1
822,1,16920,950,1
823,1,16917,9,0
824,1,16932,663,1
825,0,16918,450,0
826,1,16917,517,1
827,1,16924,714,1
828,1,16935,543,1
829,0,16927,173,0
830,1,16918,658,1
831,1,16932,791,0
832,1,16941,127,0
833,1,17001,667,0
834,1,17000,144,0
835,0,17010,328,1
836,1,17009,410,1
837,1,17020,375,0
838,1,17014,855,0
839,1,17002,416,1
840,1,17009,961,0
841,1,17017,991,0
842,1,17003,616,1
843,1,16998,817,1
844,1,17013,904,0
845,1,17002,277,1
846,1,16988,430,0
847,1,16980,271,0
848,0,16965,487,0
849,1,16979,80,0
850,1,16981,136,1
851,1,16970,339,0
852,1,16959,900,0
853,1,16948,280,1
854,1,16933,9,0
855,1,16943,732,1
856,1,16937,774,1
857,1,16947,487,0
858,1,16894,803,0
859,1,16881,1000,0
860,1,16870,753,1
861,1,16862,284,0
862,1,16870,925,1
863,0,16866,917,0
864,1,16857,459,0
865,0,16855,170,0
866,1,16859,704,1
867,1,16863,224,0
868,1,16850,402,1
869,1,16853,614,0
870,1,16844,755,1
871,1,16840,9,0
872,1,16855,695,0
873,1,16846,48,0
874,1,16857,677,0
875,1,16850,185,1
876,0,16853,442,0
877,0,16842,516,1
878,1,16850,448,0
879,1,16856,439,1
880,0,16843,371,0
881,1,16829,356,0
882,1,16821,421,1
883,1,16811,967,0
884,1,16816,818,0
885,1,16805,341,0
886,0,16793,365,0
887,1,16795,39,1
888,1,16789,760,1
889,1,16783,689,0
890,1,16786,732,0
891,1,16784,10,0
892,0,16784,992,1
893,1,16775,477,1
894,1,16782,216,1
895,1,16779,992,1
896,1,16787,738,1
897,0,16798,658,1
898,1,16795,227,0
899,1,16809,486,1
900,1,16822,113,0
901,1,16813,432,0
902,1,16828,780,1
903,1,16826,70,0
904,1,16812,515,1
905,1,16817,138,0
906,0,16824,691,1
907,1,16822,787,1
908,1,16813,486,1
909,1,16819,889,1
910,1,16806,933,1
911,1,16807,233,1
912,1,16799,912,0
913,1,16797,408,0
914,1,16786,617,1
915,1,16796,619,1
916,1,16734,289,1
917,1,16741,764,0
918,1,16729,500,1
919,1,16717,326,1
920,1,16703,463,0
921,1,16699,270,1
922,0,16689,347,0
923,1,16702,135,1
924,1,16697,172,1
925,1,16682,557,0
926,1,16680,789,0
927,1,16690,399,0
928,1,16678,811,1
929,1,16665,600,0
930,1,16676,327,0
931,1,16661,443,0
932,1,16659,803,0
933,1,16645,933,1
934,1,16655,203,0
935,1,16654,340,0
936,1,16666,163,0
937,1,16661,812,1
938,1,16663,579,1
939,1,16674,536,1
940,1,16684,849,0
941,1,16669,655,0
942,1,16660,250,1
943,0,16670,519,1
944,1,16667,558,1
945,1,16667,679,0
946,1,16782,451,0
947,1,16771,690,0
948,1,16767,293,1
949,1,16781,651,0
950,1,16787,687,0
951,1,16725,899,0
952,1,16727,879,1
953,1,16722,364,0
954,1,16733,83,1
955,1,16721,515,0
956,1,16706,418,0
957,1,16697,165,1
958,1,16710,824,1
959,1,16716,54,0
960,0,16710,639,1
961,1,16695,240,1
962,0,16705,586,1
963,1,16705,293,0
964,1,16710,696,0
965,1,16702,111,0
966,1,16716,668,0
967,1,16709,238,1
968,1,16720,945,1
969,0,16709,547,0
970,1,16703,214,1
971,1,16700,988,1
972,1,16700,301,1
973,1,16700,893,0
974,1,16701,232,0
975,1,16699,735,1
976,1,16699,118,1
977,1,16686,340,1
978,1,16685,673,1
979,1,16737,531,0
980,1,16747,205,1
981,1,16735,658,0
982,1,16726,855,1
983,1,16717,676,1
984,1,16731,913,0
985,1,16735,682,0
986,1,16636,863,1
987,1,16635,116,0
988,1,16639,176,0
989,1,16637,602,1
990,0,16651,561,1
991,1,16661,295,1
992,0,16669,384,0
993,1,16683,981,1
994,1,16669,492,1
995,1,16655,439,1
996,1,16658,226,0
997,1,16723,759,0
998,1,16727,259,0
999,1,16714,287,0
